{"logo_type":"text","logo_image":"images\/logo8.png","logo_height":"45","mobile_logo":"images\/logo8.png","logo_text":"LT BLUE SERVICES","logo_slogan":"","header_height":"73px","sticky_header":"1","favicon":"","body_bg_image":"","body_bg_repeat":"inherit","body_bg_size":"inherit","body_bg_attachment":"inherit","body_bg_position":"0 0","copyright_position":"footer1","copyright_load_pos":"default","copyright":"\u00a9 Your Company. Designed By ltheme","goto_top":"1","show_social_icons":"1","social_position":"top1","social_load_pos":"default","facebook":"#","twitter":"#","googleplus":"#","pinterest":"#","linkedin":"#","dribbble":"#","instagram":"#","behance":"#","youtube":"#","flickr":"#","skype":"pq.softs","whatsapp":"#","vk":"#","custom":"","contactinfo":"1","contact_position":"top2","contact_phone":"+228 872 4444","contact_mobile":"+775 872 4444","contact_email":"contact@email.com","contact_time":"","comingsoon_title":"Coming Soon Title","comingsoon_content":"Coming soon content","comingsoon_date":"11-11-2018","comingsoon_logo":"","comingsoon_bg_image":"","comingsoon_social_icons":"1","error_logo":"","error_bg":"","preset":"{\"footer_link_hover_color\":\"#FFFFFF\",\"footer_link_color\":\"#A2A2A2\",\"footer_text_color\":\"#FFFFFF\",\"footer_bg_color\":\"#171717\",\"menu_dropdown_text_active_color\":\"#ed145b\",\"menu_dropdown_text_hover_color\":\"#ed145b\",\"menu_dropdown_text_color\":\"#252525\",\"menu_dropdown_bg_color\":\"#FFFFFF\",\"menu_text_active_color\":\"#ed145b\",\"menu_text_hover_color\":\"#ed145b\",\"menu_text_color\":\"#252525\",\"logo_text_color\":\"#ed145b\",\"topbar_text_color\":\"#AAAAAA\",\"topbar_bg_color\":\"#333333\",\"header_bg_color\":\"#FFFFFF\",\"link_hover_color\":\"#044CD0\",\"link_color\":\"#ed145b\",\"bg_color\":\"#FFFFFF\",\"text_color\":\"#252525\",\"preset\":\"preset8\"}","text_color":"#00c896","bg_color":"#ffffff","link_color":"#00c896","link_hover_color":"#00c896","header_bg_color":"#ffffff","logo_text_color":"#0345bf","topbar_bg_color":"#333333","topbar_text_color":"#aaaaaa","menu_text_color":"#ffffff","menu_text_hover_color":"#00c896","menu_text_active_color":"#00c896","menu_dropdown_bg_color":"#ffffff","menu_dropdown_text_color":"#000000","menu_dropdown_text_hover_color":"#00c896","menu_dropdown_text_active_color":"#00c896","footer_bg_color":"#00c896","footer_text_color":"#ffffff","footer_link_color":"#dc612d","footer_link_hover_color":"#ffffff","predefined_header":"1","header_style":"style-2","layout":"[{\"type\":\"row\",\"layout\":12,\"settings\":{\"hide_desktop\":0,\"hide_small_desktop\":0,\"hide_tablet\":0,\"hide_large_mobile\":1,\"hide_mobile\":1,\"hidden_xs\":0,\"hidden_sm\":0,\"hidden_md\":0,\"name\":\"\",\"fluidrow\":1,\"custom_class\":\"\",\"padding\":\"\",\"margin\":\"\",\"color\":\"\",\"link_color\":\"\",\"link_hover_color\":\"\",\"background_color\":\"\",\"background_image\":\"\",\"hide_on_phone\":0,\"hide_on_large_phone\":0,\"hide_on_tablet\":0,\"hide_on_small_desktop\":0,\"hide_on_desktop\":0},\"attr\":[{\"type\":\"sp_col\",\"settings\":{\"grid_size\":12,\"name\":\"title\",\"hidden_xs\":0,\"hidden_sm\":0,\"hidden_md\":0,\"sm_col\":\"\",\"xs_col\":\"\",\"custom_class\":\"\",\"column_type\":0}}]},{\"type\":\"row\",\"layout\":\"4+4+4\",\"settings\":{\"custom_class\":\"\",\"fluidrow\":0,\"margin\":\"\",\"padding\":\"\",\"hidden_md\":0,\"hidden_sm\":0,\"hidden_xs\":0,\"link_hover_color\":\"\",\"link_color\":\"\",\"color\":\"\",\"background_color\":\"\",\"name\":\"Main Body\"},\"attr\":[{\"type\":\"sp_col\",\"settings\":{\"grid_size\":4,\"name\":\"left\",\"hidden_xs\":0,\"hidden_sm\":0,\"hidden_md\":0,\"sm_col\":\"\",\"xs_col\":\"\",\"custom_class\":\"\",\"column_type\":0}},{\"type\":\"sp_col\",\"settings\":{\"sortableitem\":\"[object Object]\",\"hidden_xs\":0,\"hidden_sm\":0,\"hidden_md\":0,\"sm_col\":\"\",\"xs_col\":\"\",\"custom_class\":\"\",\"grid_size\":4,\"column_type\":1}},{\"type\":\"sp_col\",\"settings\":{\"grid_size\":4,\"column_type\":0,\"name\":\"right\",\"hidden_xs\":0,\"hidden_sm\":0,\"hidden_md\":0,\"sm_col\":\"\",\"xs_col\":\"\",\"custom_class\":\"\"}}]},{\"type\":\"row\",\"layout\":\"3+3+3+3\",\"settings\":{\"hidden_md\":0,\"hidden_sm\":0,\"hidden_xs\":0,\"name\":\"Bottom\",\"fluidrow\":0,\"custom_class\":\"\",\"padding\":\"\",\"margin\":\"\",\"color\":\"\",\"link_color\":\"\",\"link_hover_color\":\"\",\"background_color\":\"#060742\",\"background_image\":\"\",\"background_repeat\":\"\",\"background_size\":\"\",\"background_attachment\":\"\",\"background_position\":\"\",\"hide_on_phone\":0,\"hide_on_large_phone\":0,\"hide_on_tablet\":0,\"hide_on_small_desktop\":0,\"hide_on_desktop\":0},\"attr\":[{\"type\":\"sp_col\",\"settings\":{\"sortableitem\":\"[object Object]\",\"column_type\":0,\"name\":\"bottom1\",\"hidden_xs\":0,\"hidden_sm\":0,\"hidden_md\":0,\"sm_col\":\"col-sm-6\",\"xs_col\":\"\",\"custom_class\":\"\",\"grid_size\":3}},{\"type\":\"sp_col\",\"settings\":{\"sortableitem\":\"[object Object]\",\"custom_class\":\"\",\"xs_col\":\"\",\"sm_col\":\"col-sm-6\",\"hidden_md\":0,\"hidden_sm\":0,\"hidden_xs\":0,\"name\":\"bottom2\",\"column_type\":0,\"grid_size\":3}},{\"type\":\"sp_col\",\"settings\":{\"grid_size\":3,\"hide_on_desktop\":0,\"hide_on_small_desktop\":0,\"hide_on_tablet\":0,\"hide_on_large_phone\":0,\"hide_on_phone\":0,\"xs_col\":\"\",\"sm_col\":\"\",\"md_col\":\"\",\"xl_col\":\"\",\"custom_class\":\"\",\"name\":\"bottom3\",\"column_type\":0}},{\"type\":\"sp_col\",\"settings\":{\"grid_size\":3,\"hide_on_desktop\":0,\"hide_on_small_desktop\":0,\"hide_on_tablet\":0,\"hide_on_large_phone\":0,\"hide_on_phone\":0,\"xs_col\":\"\",\"sm_col\":\"\",\"md_col\":\"\",\"xl_col\":\"\",\"custom_class\":\"\",\"name\":\"bottom4\",\"column_type\":0}}]},{\"type\":\"row\",\"layout\":\"6+6\",\"settings\":{\"hidden_xs\":0,\"hidden_sm\":0,\"hidden_md\":0,\"name\":\"Footer\",\"fluidrow\":0,\"custom_class\":\"\",\"padding\":\"\",\"margin\":\"\",\"color\":\"\",\"link_color\":\"\",\"link_hover_color\":\"\",\"background_color\":\"#060742\",\"background_image\":\"\",\"background_repeat\":\"\",\"background_size\":\"\",\"background_attachment\":\"\",\"background_position\":\"\",\"hide_on_phone\":0,\"hide_on_large_phone\":0,\"hide_on_tablet\":0,\"hide_on_small_desktop\":0,\"hide_on_desktop\":0},\"attr\":[{\"type\":\"sp_col\",\"settings\":{\"sortableitem\":\"[object Object]\",\"grid_size\":6,\"column_type\":0,\"name\":\"footer1\",\"hidden_xs\":0,\"hidden_sm\":0,\"hidden_md\":0,\"sm_col\":\"\",\"xs_col\":\"\",\"custom_class\":\"\"}},{\"type\":\"sp_col\",\"settings\":{\"grid_size\":6,\"column_type\":0,\"name\":\"footer2\",\"hidden_xs\":0,\"hidden_sm\":0,\"hidden_md\":0,\"sm_col\":\"\",\"xs_col\":\"\",\"custom_class\":\"\"}}]}]","menu":"mainmenu","menu_type":"mega_offcanvas","dropdown_width":"","menu_animation":"menu-animation-fade-up","offcanvas_position":"right","enable_body_font":"1","body_font":"{\"fontFamily\":\"El Messiri\",\"fontSize\":\"12\",\"fontSize_sm\":\"\",\"fontSize_xs\":\"\",\"fontWeight\":\"\",\"fontStyle\":\"\",\"fontSubset\":\"arabic\"}","enable_h1_font":"1","h1_font":"{\"fontFamily\":\"El Messiri\",\"fontSize\":\"\",\"fontSize_sm\":\"\",\"fontSize_xs\":\"\",\"fontWeight\":\"\",\"fontStyle\":\"\",\"fontSubset\":\"arabic\"}","h2_font":"{\"fontFamily\":\"Arial\",\"fontSize\":\"\",\"fontSize_sm\":\"\",\"fontSize_xs\":\"\",\"fontWeight\":\"\",\"fontStyle\":\"\",\"fontSubset\":\"\"}","h3_font":"{\"fontFamily\":\"Arial\",\"fontSize\":\"\",\"fontSize_sm\":\"\",\"fontSize_xs\":\"\",\"fontWeight\":\"\",\"fontStyle\":\"\",\"fontSubset\":\"\"}","h4_font":"{\"fontFamily\":\"Arial\",\"fontSize\":\"\",\"fontSize_sm\":\"\",\"fontSize_xs\":\"\",\"fontWeight\":\"\",\"fontStyle\":\"\",\"fontSubset\":\"\"}","h5_font":"{\"fontFamily\":\"Arial\",\"fontSize\":\"\",\"fontSize_sm\":\"\",\"fontSize_xs\":\"\",\"fontWeight\":\"\",\"fontStyle\":\"\",\"fontSubset\":\"\"}","h6_font":"{\"fontFamily\":\"Arial\",\"fontSize\":\"\",\"fontSize_sm\":\"\",\"fontSize_xs\":\"\",\"fontWeight\":\"\",\"fontStyle\":\"\",\"fontSubset\":\"\"}","enable_navigation_font":"1","navigation_font":"{\"fontFamily\":\"El Messiri\",\"fontSize\":\"13\",\"fontSize_sm\":\"\",\"fontSize_xs\":\"\",\"fontWeight\":\"\",\"fontStyle\":\"\",\"fontSubset\":\"arabic\"}","custom_font":"{\"fontFamily\":\"Arial\",\"fontSize\":\"\",\"fontSize_sm\":\"\",\"fontSize_xs\":\"\",\"fontWeight\":\"\",\"fontStyle\":\"\",\"fontSubset\":\"\"}","custom_font_selectors":"","image_small":"1","image_small_size":"100X100","image_thumbnail":"1","image_thumbnail_size":"600X340","image_medium":"1","image_medium_size":"300X300","image_large_size":"600X600","image_crop_quality":"100","blog_list_image":"thumbnail","leading_blog_list_image":"large","blog_details_image":"default","social_share":"1","comment":"disabled","comment_disqus_subdomain":"","comment_disqus_devmode":"1","comment_intensedebate_acc":"","comment_facebook_app_id":"","comment_facebook_width":"100","comment_facebook_number":"10","comments_count":"1","before_head":"","before_body":"","custom_css":"","custom_js":"","exclude_js":"","scssoption":"1"}